ability,absence,academy,account,achieve,acquire,address,advance,advice,affect,afford,against,airline,alcohol,allege,already,amazing,Answer,ancient,another,anxiety,apology,appeal,appoint,approve,arrange,arrival,space,artist,aspects,assault,assert,assess,ignite,attempt,attract,occupy,rise,back,balance
barrier,battery,beneath,benefit,besides,between,billion,bitter,blanket,blessing,briefly,broader,builder,burden,cabinet,calling,capable,capital,capture,careful,carrier,catalog,ceiling,certain,chamber,chapter,charity,checked,choices,circuit,citizen,clarify,classic,climate,closure,clothes,coastal,comfort,command,love
compact,company,compare,compete,complex,concept,concern,conduct,confess,confirm,confuse,connect,consent,consist,consult,contact,contain,content,contest,context,control,convert,correct,council,counter,country,courage,creator,crucial,culture,curious,current,custody,come,darkness,night,dealing,decent,declare,decline
default,defense,deficit,deliver,density,deposit,describe,top,destroy,develop,devoted,diamond,digital,dignity,dilemma,disable,discuss,dismiss,display,dispute,distant,diverse,divided,drawing,dynamic,eagerly,earnest,economy,change,educate,effects,efforts,elderly,elegant,element,Abyss,embrace,emerged,emotion,empathy
employ,empower,enclose,endless,endured,enhance,enjoyed,enormous,episode,essence,eternal,evening,everyday,evidence,exactly,examine,example,excite,exclude,execute,exhibit,expense,explain,explore,express,extreme,factory,faculty,failure,famous,farther,fashion,feature,wind,feeling,fiction,finance,fit,able,floating
forever,forgive,fortune,founder,freedom,frequent,friends,further,Pain,general,genetic,genuine,gesture,glimpse,gradual,gravity,greater,growing,habitat,hallway,happily,harmony,harvest,heading,heath,hearing,helpful,herself,history,holding,day,honesty,honored,horizon,horrible,house,ever,humanity,humble,hunger
identify,wrong,imagine,improve,involve,journey,justice,keeping,kingdom,handle,landing,landmark,language,laughter,leading,learned,leaving,legally,leisure,liberty,library,lifelong,lightly,limited,linguistic,literacy,location,belong,loyalty,machine,break,gap,mankind,wed,massive,meaning,measure,medical,mention,message
mineral,minimal,ministry,miracle,mission,mistake,mixture,momentum,sorrow,moon,morning,musical,mystery,narrative,natural,nearby,negative,nervous,neutral,nominee,notable,notions,nurture,objects,observe,obvious,offense,officer,opening,opinion,origin,out,outlook,outside,grow,overcome,overlap,painting,paradigm,companion
patience,Pay,peaceful,penalty,perfect,perform,perhaps,persona,persuade,picture,planner,pleasure,politics,popular,portion,possess,postpone,poverty,precious,predict,premium,presence,prevent,primary,principle,privacy,process,produce,progress,prohibit,promise,promote,protect,protest,provide,pursuit,query,quickly,quietly,radical
realize,reason,rebuild,receipt,receive,recover,reflect,refugee,relevant,reliable,remains,remedy,removal,renewal,replace,reputation,rescue,reserve,resolve,respect,respond,restore,retreat,revenue,revisit,revision,richness,routine,sacred,sadness,safety,satisfy,scatter,science,seeking,selfish,semse,shelter,shortage,shuttle
silence,similar,simple,sincere,skilled,slogan,society,war,Pleasure,someday,soft,sorrow,special,species,spirit,stamina,stature,storage,strange,astrange,strike,student,success,summary,survive,sustain,teacher,tempest,terrace,therapy,thought,thrilled,journey,traffic,tragic,transit,treasure,treaty,turbine,typical
ultimate,unaware,unified,unknown,utility,variety,venture,vibrant,victory,village,virtual,visible,visitor,vividly,vocation,volume,willing,wishing,witness,wonder,labor,writing,yearning,yielded,youthful,zealous,transparency,reflection,hope,proportion,suspension,navigation,perspective,interface,observation,exchange,intimacy,gesture,gratitude,vulnerability
contemplation,exploration,symbolism,perception,duality,equilibrium,flux,convergence,divergence,interaction,temporality,balance,resonance,reciprocity,adaptation,evolution,discovery,harmony,curiosity,incompleteness,uncertainty,complexity,interconnection,presence,absence,imperfection,potentiality,expression,short,creation,destruction,transformation,emergence,embodiment,cognition,mediation,interpretation,synthesis,articulation,translation
immersion,observation,yearning,connection,origin,paradox,abstraction,tangibility,convergence,divergence,equilibrium,materiality,immateriality,transcendence,immanence,humanity,mechanization,artificiality,reflection,projection,dissonance,harmony,introspection,realization,embodiment,inquiry,fragmentation,restoration,wholeness,intimacy,alienation,unity,disconnection,organic,synthetic,threshold,interface,representation,legacy,potential
ambiguity,realization,wonder,aspiration,identity,transformation,boundaries,transcendence,mechanics,intuition,pattern,innovation,preservation,juxtaposition,metaphysics,relationality,embodiment,cyclicality,immediacy,archetype,iteration,unknowing,perception,texture,energy,flow,gleam,luminosity,equilibrium,rhythm,oscillation,temporality,permanence,impedance,transience,dimension,void,substance,trace,imprint
synthesis,cadence,aura,memory,history,evolution,fabrication,perception,imagination,renewal,serenity,tension,reflection,adaptation,projection,empathy,detachment,sensitivity,rigidity,fluidity,interrelation,dependency,autonomy,aspiration,receptivity,anticipation,resonance,inquiry,interpretation,manifestation,coexistence,fluidity,impermanence,fragility,durability,intersection,oscillation,embodiment,window,transformation
representation,abstraction,narration,confrontation,reflection,encapsulation,animation,ingenuity,traversal,exchange,interaction,transference,reciprocity,duality,unity,flux,alignment,correspondence,symmetry,asymmetry,perception,shadow,luminosity,obscurity,transparency,equilibrium,today,blink,soft,light,beyond,use,land,speculate,tiny,home,ivy,quince,path,mask
zephyr,hemlock,feed,fiddle,marjoram,red,sorrel,elderberry,sunflower,watercress,nasturtium,eggplant,peach,oregano,fennel,eden,yarrow,carrot,spice,apple,dock,fig,whole,lilac,bread,watermelon,garlic,umbrella,vanilla,xanthium,hyacinth,tree,light,ursinia,dill,freesia,beak,jalapeno,see,smoke
yarrow,ginkgo,yellow,quick,magnolia,elm,elderflower,verbena,jasmine,cold,hazelnut,parsley,grain,reed,longing,plantain,cypress,nightshade,tangerine,fava,iris,juniper,dew,sweet,mad,broccoli,yesterday,fan,rose,sage,thyme,lemon,bramble,continent,desert ,magnolia,fern,cabbage,beyond,turn
spruce,dandelion,nutmeg,laughter,fruit,peel,blackberry,grind,vanilla,base,rosemary,rasp,nasturtium,seed,fancy,tulip,lavender,drape,yam,quince,bush,escarole,oak,nectarine,smile,Chili,plant,indigo,ivy,lettuce,date,willow,darkness,time,emphibian,ugli,run,palm,past,dance
gardenia,spinach,dial,grazing,edge,iceberg,zenith,gone,thorn,violet,strawberry,arugula,okra,violet,season,xanthan,mint,mint,mulberry,endive,order,blueprint,width,scaffold,fire,expedition,glow,panorama,fissure,alley,chasm,serenity,nucleus,invent,lantern,symmetry,bridge,opening,vast,swirl
fabric,hedge,hair,harvest,bud,oar,avenue,volume,aperture,wood,fasten,crank,twilight,contraption,bounce,jump,platform,shore,lace,altitude,circle,tile,banner,wave,drum,orchard,strand,chant,door,highway,milestone,phylum,genesis,cord,tough,genus,lever,petal,cover,sash
ornament,motion,leg,paper,abyss,color,bamboo,path,plane,cloudburst,carving,sculpture,dream,glide,underbrush,gorge,sacrifice,bracket,line,journey,dusk,net,cave,twig,silk,brush,sphere,base,clarity,screen,paddle,angle,branch,family,sunset,tone,fringe,copse,relief,vibrant
decoration,sky,border,balcony,layer,ravine,grip,perspective,space,style,roof,plank,poem,valley,bloom,scroll,filament,diagram,vista,latch,joint,stream,blossom,spire,slab,coordinate,center,ensign,appliance,bronze,field,vividness,balance,bend,lamp,value,species,pennant,pearl,court
thread,dome,height,valve,hall,detail,etching,barrier,helix,flow,spark,flowerbed,mechanism,sketch,whisper,rope,resonance,grain,gratitude,exit,standard,clamp,insignia,ripple,prospect,brook,widget,temple,environment,theme,root,surge,split,chart,represent,twist,ribbon,frame,anchor,gradient
current,song,canyon,flute,horizon,habitat,lake,texture,temperature,knowing,reflection,axis,utensil,stone,graph,brightness,whisker,glyph,summit,moon,zone,stage,veranda,forest,portrait,streamer,fire,surface,coil,tunnel,canopy,size,dimension,view,scent,range,cloth,pod,weave,pleasure
form,row,perimeter,mass,screw,rain,isle,brick,arena,canal,membrane,length,tissue,junction,distance,implement,fabric,loop,crest,symbol,symbiosis,arrow,cell,brace,marker,pasture,fiber,shield,rhythm,skyline,feast,bark,apparatus,node,drive,wind,voyage,block,plan,tide
cliff,edge,blade,curve,sign,spring,terrace,handle,panel,wine,basement,hinge,ledge,crack,leap,peace,gold,painting,instrument,boundary,ember,engraving,spectrum,shade,pathway,motor,shadow,chain,mirror,limit,flag,ride,leave,water,mesh,ridge,socket,meadow,sea,table
snow,map,pattern,lock,echo,stadium,spiral,organ,contrast,gear,mosaic,column,spice,hollow,flame,melody,mist,port,canvas,belt,river,pulley,tool,web,grove,shape,tower,entrance,array,design,gate,altar,focus,catch,domain,model,road,lawn,key,spear
cloud,corner,scale,gale,hook,plateau,chamber,weather,slope,machine,sleep,ray,proportion,window,grid,connector,plow,point,device,scene,matrix,gap,latitude,helm,flight,axle,climate,light,door,arch,variation,dew,breeze,hover,threshold,drawing,tender,niche,veil,knock