ability,absence,academy,account,achieve,acquire,address,advance,advice,affect,afford,against,airline,alcohol,allege,already,amazing,analyst,ancient,another,anxiety,apology,appeal,appoint,approve,arrange,arrival,article,artist,aspects,assault,assert,assess,athlete,attempt,attract,auction,average,backing,balance
barrier,battery,beneath,benefit,besides,between,billion,biology,blanket,blessing,briefly,broader,builder,burden,cabinet,calling,capable,capital,capture,careful,carrier,catalog,ceiling,certain,chamber,chapter,charity,checked,choices,circuit,citizen,clarify,classic,climate,closure,clothes,coastal,comfort,command,comment
compact,company,compare,compete,complex,concept,concern,conduct,confess,confirm,confuse,connect,consent,consist,consult,contact,contain,content,contest,context,control,convert,correct,council,counter,country,courage,creator,crucial,culture,curious,current,custody,customer,darkness,daytime,dealing,decent,declare,decline
default,defense,deficit,deliver,density,deposit,describe,desktop,destroy,develop,devoted,diamond,digital,dignity,dilemma,disable,discuss,dismiss,display,dispute,distant,diverse,divided,drawing,dynamic,eagerly,earnest,economy,edition,educate,effects,efforts,elderly,elegant,element,embassy,embrace,emerged,emotion,empathy
employ,empower,enclose,endless,endured,enhance,enjoyed,enormous,episode,essence,eternal,evening,everyday,evidence,exactly,examine,example,excited,exclude,execute,exhibit,expense,explain,explore,express,extreme,factory,faculty,failure,famous,farther,fashion,feature,federal,feeling,fiction,finance,fitness,flexible,floating
forever,forgive,fortune,founder,freedom,frequent,friends,further,gallery,general,genetic,genuine,gesture,glimpse,gradual,gravity,greater,growing,habitat,hallway,happily,harmony,harvest,heading,healthy,hearing,helpful,herself,history,holding,holiday,honesty,honored,horizon,horrible,housing,however,humanity,humble,hunger
identify,illegal,imagine,improve,involve,journey,justice,keeping,kingdom,kitchen,landing,landmark,language,laughter,leading,learned,leaving,legally,leisure,liberty,library,lifelong,lightly,limited,linguist,literacy,location,longing,loyalty,machine,manager,mandate,mankind,married,massive,meaning,measure,medical,mention,message
mineral,minimal,ministry,miracle,mission,mistake,mixture,momentum,monitor,monthly,morning,musical,mystery,narrative,natural,nearby,negative,nervous,neutral,nominee,notable,notions,nurture,objects,observe,obvious,offense,officer,opening,opinion,organic,outcome,outlook,outside,overall,overcome,overlap,painting,paradigm,partner
patience,payment,peaceful,penalty,perfect,perform,perhaps,persona,persuade,picture,planner,pleasure,politics,popular,portion,possess,postpone,poverty,precious,predict,premium,presence,prevent,primary,principle,privacy,process,produce,progress,prohibit,promise,promote,protect,protest,provide,pursuit,quality,quickly,quietly,radical
realize,reason,rebuild,receipt,receive,recover,reflect,refugee,relevant,reliable,remains,remedy,removal,renewal,replace,reputation,rescue,reserve,resolve,respect,respond,restore,retreat,revenue,revisit,revision,richness,routine,sacred,sadness,safely,satisfy,scatter,science,seeking,selfish,sensible,shelter,shortage,shuttle
silence,similar,simple,sincere,skilled,slogan,society,software,solution,someday,sophist,sorrow,special,species,spirit,stamina,stature,storage,strange,strateg,striker,student,success,summary,survive,sustain,teacher,tempest,terrace,therapy,thought,thrilled,tourist,traffic,tragic,transit,treasure,treaty,turbine,typical
ultimate,unaware,unified,unknown,utility,variety,venture,vibrant,victory,village,virtual,visible,visitor,vividly,vocation,volume,willing,wishing,witness,wonder,workout,writing,yearning,yielded,youthful,zealous,transparency,reflection,fragility,proportion,suspension,navigation,perspective,interface,observation,exchange,intimacy,gesture,gratitude,vulnerability
contemplation,exploration,symbolism,perception,duality,equilibrium,flux,convergence,divergence,interaction,temporality,balance,resonance,reciprocity,adaptation,evolution,discovery,harmony,curiosity,incompleteness,uncertainty,complexity,interconnection,presence,absence,imperfection,potentiality,expression,longing,creation,destruction,transformation,emergence,embodiment,cognition,mediation,interpretation,synthesis,articulation,translation
immersion,observation,yearning,connection,origin,paradox,abstraction,tangibility,convergence,divergence,equilibrium,materiality,immateriality,transcendence,immanence,humanity,mechanization,artificiality,reflection,projection,dissonance,harmony,introspection,realization,embodiment,inquiry,fragmentation,restoration,wholeness,intimacy,alienation,unity,disconnection,organic,synthetic,threshold,interface,representation,legacy,potential
ambiguity,realization,yearning,aspiration,identity,transformation,boundaries,transcendence,mechanics,intuition,pattern,innovation,preservation,juxtaposition,metaphysics,relationality,embodiment,cyclicality,immediacy,archetype,iteration,unknowing,perception,texture,energy,flow,shadow,luminosity,equilibrium,rhythm,oscillation,temporality,permanence,impermanence,transience,dimension,void,substance,trace,imprint
synthesis,cadence,aura,memory,history,evolution,fabrication,perception,imagination,renewal,serenity,tension,reflection,adaptation,projection,empathy,detachment,sensitivity,rigidity,fluidity,interrelation,dependency,autonomy,aspiration,receptivity,anticipation,resonance,inquiry,interpretation,manifestation,coexistence,fluidity,permanence,fragility,durability,intersection,oscillation,embodiment,articulation,transformation
representation,abstraction,narration,confrontation,reflection,encapsulation,animation,ingenuity,traversal,exchange,interaction,transference,reciprocity,duality,unity,flux,alignment,correspondence,symmetry,asymmetry,perception,shadow,luminosity,obscurity,transparency,equilibrium,today,blink,soft,light,beyond,use,land,speculate,tiny,home,ivy,quince,kudzu,quercus
zephyr,hemlock,cashew,fiddlehead,marjoram,hibiscus,sorrel,elderberry,sunflower,watercress,nasturtium,eggplant,peach,oregano,fennel,dragonfruit,yarrow,carrot,oregano,apple,dock,fig,walnut,lilac,tomato,watermelon,garlic,umbrella,vanilla,xanthium,hyacinth,cherry,cucumber,ursinia,dill,freesia,nectarine,jalapeno,papaya,umami
yarrow,ginkgo,banana,kiwi,magnolia,elm,elderflower,verbena,jasmine,kohlrabi,hazelnut,parsley,zebrawood,reed,xigua,plantain,cypress,nightshade,tangerine,fava,iris,juniper,honeydew,yam,almond,broccoli,avocado,ugli,rose,sage,thyme,lemon,bramble,mango,rutabaga,magnolia,fern,cabbage,laurel,turnip
spruce,dandelion,nutmeg,jicama,daikon,onion,blackberry,kudzu,vanilla,basil,rosemary,raspberry,nasturtium,quinoa,orange,tulip,lavender,wisteria,yam,quince,blueberry,escarole,oak,nectarine,lime,horseradish,acorn,indigo,ivy,lettuce,date,willow,xigua,jasmine,xenopus,ugli,zebra,palm,kale,radish
gardenia,spinach,zucchini,grape,ginkgo,iceberg,zucchini,guava,yucca,violet,strawberry,arugula,okra,violet,pumpkin,xanthan,mint,kalmia,mulberry,endive,order,blueprint,width,scaffold,fire,expedition,glow,panorama,fissure,alley,chasm,serenity,nucleus,invention,lantern,symmetry,bridge,opening,vase,shadow
textile,hedge,hair,harvest,bud,oar,avenue,volume,aperture,wood,fastener,crank,twilight,contraption,bounce,jump,platform,shore,lace,altitude,circle,tile,banner,wave,drum,orchard,strand,chant,framework,highway,milestone,phylum,prototype,cord,sinew,genus,lever,petal,alcove,sash
ornament,motion,ligament,paper,abyss,color,bamboo,path,plane,cloudburst,carving,sculpture,dream,glide,underbrush,gorge,sacrifice,bracket,line,journey,dusk,net,cave,twig,silk,brush,biosphere,base,clarity,screen,paddle,angle,branch,family,sunset,tone,fringe,copse,relief,vibration
decoration,sky,border,balcony,layer,ravine,grip,perspective,space,style,roof,plank,poem,valley,bloom,scroll,filament,diagram,vista,latch,joint,stream,blossom,spire,slab,coordinate,center,ensign,appliance,bronze,field,vividness,balance,bend,lamp,value,species,pennant,pearl,courtyard
thread,dome,height,valve,hall,detail,etching,barrier,helix,flow,spark,flowerbed,mechanism,sketch,whisper,rope,resonance,grain,kingdom,exit,standard,clamp,insignia,ripple,prospect,brook,widget,temple,environment,theme,root,surge,split,chart,illustration,twist,ribbon,frame,anchor,gradient
current,song,canyon,flute,horizon,habitat,lake,texture,temperature,lintel,reflection,axis,utensil,stone,graph,brightness,whisker,glyph,summit,moon,zone,stage,veranda,forest,portrait,streamer,layout,surface,coil,tunnel,canopy,size,dimension,view,scent,range,cloth,pod,weave,pressure
form,row,perimeter,mass,screw,rain,isle,brick,arena,canal,membrane,length,tissue,junction,distance,implement,fabric,loop,crest,symbol,ecosystem,arrow,cell,brace,marker,pasture,fiber,shield,rhythm,skyline,feast,bark,apparatus,node,drive,wind,voyage,block,plan,tide
cliff,edge,blade,curve,signpost,spring,terrace,handle,panel,wine,basement,hinge,ledge,crack,leap,peace,gold,painting,instrument,boundary,ember,engraving,spectrum,shade,pathway,motor,gleam,chain,mirror,limit,flag,ride,leaf,herb,mesh,ridge,socket,meadow,outlook,table
snow,map,pattern,lock,echo,stadium,spiral,organ,contrast,gear,mosaic,column,spice,hollow,flame,melody,mist,port,canvas,belt,river,pulley,tool,web,grove,shape,tower,entrance,array,design,gate,altar,focus,catch,domain,model,road,lawn,key,spear
cloud,corner,scale,gallery,hook,plateau,chamber,weather,slope,machine,sleep,ray,proportion,window,grid,connector,plow,point,device,scene,matrix,gap,latitude,helm,flight,axle,climate,light,door,arch,variation,dew,breeze,hover,threshold,drawing,tendon,niche,veil,knob
